ENCRYPT,Internship.drm,B4:8C:9D:31:08:0E,6/10/25 02:01:00,2025-06-09 15:37
ENCRYPT,Internship.drm,B4:8C:9D:31:08:0E,6/9/25 06:05:00,2025-06-09 15:38
ENCRYPT,RAMAIAH.drm,B4:8C:9D:31:08:0E,6/10/25 00:00:00,2025-06-09 15:42
VIEW_SUCCESS,RAMAIAH.drm,B4:8C:9D:31:08:0E,6/10/25 00:00:00,2025-06-09 15:42
ENCRYPT,VTOP new tt.drm,B4:8C:9D:31:08:0E,6/10/25 00:00:00,2025-06-09 15:45
VIEW_DENIED_PASSWORD,VTOP new tt.drm,B4:8C:9D:31:08:0E,6/10/25 00:00:00,2025-06-09 15:45
ENCRYPT,Hostel Fee Structure 2025-26 _ VIT Bhopal.drm,B4:8C:9D:31:08:0E,6/10/25 00:00:00,2025-06-09 15:49
VIEW_DENIED_PASSWORD,Hostel Fee Structure 2025-26 _ VIT Bhopal.drm,B4:8C:9D:31:08:0E,6/10/25 00:00:00,2025-06-09 15:50
VIEW_SUCCESS,Hostel Fee Structure 2025-26 _ VIT Bhopal.drm,B4:8C:9D:31:08:0E,6/10/25 00:00:00,2025-06-09 15:50
ENCRYPT,VTOP new tt.drm,B4:8C:9D:31:08:0E,6/10/25 00:02:00,2025-06-09 16:17
VIEW_SUCCESS,VTOP new tt.drm,B4:8C:9D:31:08:0E,6/10/25 00:02:00,2025-06-09 16:18
ENCRYPT,main page.drm,192.168.0.107,6/18/25 10:10:00,2025-06-10 22:41
VIEW_DENIED_IDENTIFIER,main page.drm,192.168.0.107,6/18/25 10:10:00,2025-06-10 22:42
VIEW_DENIED_EXPIRED,VTOP new tt.drm,B4:8C:9D:31:08:0E,6/10/25 00:02:00,2025-06-10 22:54
VIEW_DENIED_IDENTIFIER,main page.drm,192.168.0.107,6/18/25 10:10:00,2025-06-10 22:54
Encrypt,PyDroidX[1].pdf,89:DC:F9:63:A8:DF,6/26/25 20:56,2025-06-26 20:53
